[{"severiceid": "123456", "1": {"group_id": "C27f7857b5280f3be4dd84d00d0cb6a39", "user_name": "guxiguo", "auto_id": 0, "md5": "C27f7857b5280f3be4dd84d00d0cb6a39", "first_time": "Sat, May 6 09:18", "last_time": "Wed, Oct 11 15:26", "group_type": 1, "data_source": "TRS", "update_time": "2023-10-11 15:40:26", "crawler_time": "2023-10-11 15:40:26", "intime": "2023-10-11 15:40:26"}, "2": {"group_id": "C27f7857b5280f3be4dd84d00d0cb6a39", "user_name": "gxg", "auto_id": 1, "md5": "C27f7857b5280f3be4dd84d00d0cb6a39", "first_time": "Thu, May 25 07:50", "last_time": "Tue, May 30 22:09", "group_type": 1, "data_source": "TRS", "update_time": "2023-10-11 15:40:26", "crawler_time": "2023-10-11 15:40:26", "intime": "2023-10-11 15:40:26"}}]